{
  "generated_at": "2026-06-22T21:24:31",
  "model_version": "panic_rebound_watch_shadow_v1",
  "source_file": "reports\\sector_rank_model_v5_backtest_predictions.csv",
  "rows": 3780,
  "trading_days": 315,
  "panic_rows": 564,
  "panic_days": 47,
  "panic_regime_day_counts": {
    "capitulation": 31,
    "risk_off_selloff": 16
  },
  "strategy_performance": [
    {
      "strategy": "panic_v5_top3",
      "selected_rows": 141,
      "evaluated_rows": 141,
      "evaluated_days": 47,
      "avg_selected_per_day": 3.0,
      "avg_daily_return": 0.5442439030126321,
      "avg_daily_excess_return": -0.08160324607708085,
      "avg_actual_return": 0.5442439030126323,
      "avg_actual_excess_return": -0.08160324607708086,
      "absolute_positive_rate": 0.574468085106383,
      "relative_excess_positive_rate": 0.46808510638297873,
      "actual_top3_rate": 0.3333333333333333,
      "downside_return_lt_minus_1pct": 0.3120567375886525,
      "downside_excess_lt_minus_1pct": 0.3049645390070922
    },
    {
      "strategy": "panic_v5_top5",
      "selected_rows": 235,
      "evaluated_rows": 235,
      "evaluated_days": 47,
      "avg_selected_per_day": 5.0,
      "avg_daily_return": 0.5919266695578693,
      "avg_daily_excess_return": -0.033920479531843704,
      "avg_actual_return": 0.5919266695578693,
      "avg_actual_excess_return": -0.033920479531843725,
      "absolute_positive_rate": 0.5914893617021276,
      "relative_excess_positive_rate": 0.46808510638297873,
      "actual_top3_rate": 0.31063829787234043,
      "downside_return_lt_minus_1pct": 0.2978723404255319,
      "downside_excess_lt_minus_1pct": 0.30638297872340425
    },
    {
      "strategy": "panic_rebound_relaxed_candidate",
      "selected_rows": 132,
      "evaluated_rows": 132,
      "evaluated_days": 47,
      "avg_selected_per_day": 2.8085106382978724,
      "avg_daily_return": 0.5647954257111776,
      "avg_daily_excess_return": -0.06105172337853555,
      "avg_actual_return": 0.6463553593172182,
      "avg_actual_excess_return": -0.07589471661412339,
      "absolute_positive_rate": 0.553030303030303,
      "relative_excess_positive_rate": 0.4318181818181818,
      "actual_top3_rate": 0.3106060606060606,
      "downside_return_lt_minus_1pct": 0.3484848484848485,
      "downside_excess_lt_minus_1pct": 0.3409090909090909
    },
    {
      "strategy": "panic_rebound_strict_candidate",
      "selected_rows": 102,
      "evaluated_rows": 102,
      "evaluated_days": 45,
      "avg_selected_per_day": 2.2666666666666666,
      "avg_daily_return": 0.4514323403879296,
      "avg_daily_excess_return": 0.0764910623246048,
      "avg_actual_return": 0.6280957401504796,
      "avg_actual_excess_return": 0.026599151358388095,
      "absolute_positive_rate": 0.5588235294117647,
      "relative_excess_positive_rate": 0.46078431372549017,
      "actual_top3_rate": 0.3333333333333333,
      "downside_return_lt_minus_1pct": 0.37254901960784315,
      "downside_excess_lt_minus_1pct": 0.30392156862745096
    },
    {
      "strategy": "panic_rebound_strict_top2",
      "selected_rows": 73,
      "evaluated_rows": 73,
      "evaluated_days": 44,
      "avg_selected_per_day": 1.6590909090909092,
      "avg_daily_return": 0.4003998905104875,
      "avg_daily_excess_return": 0.06623344903931984,
      "avg_actual_return": 0.5599675570798209,
      "avg_actual_excess_return": -0.08147774057476762,
      "absolute_positive_rate": 0.5205479452054794,
      "relative_excess_positive_rate": 0.4246575342465753,
      "actual_top3_rate": 0.3287671232876712,
      "downside_return_lt_minus_1pct": 0.410958904109589,
      "downside_excess_lt_minus_1pct": 0.3835616438356164
    }
  ],
  "latest_candidates": [
    {
      "sector": "반도체/전자",
      "panic_rebound_action_label": "방어 추적",
      "panic_rebound_candidate_rank": 1,
      "panic_rebound_watch_score": 0.8750000000000001,
      "panic_rebound_score_rank": 1.0,
      "panic_rebound_relative_pct": 1.0,
      "panic_rebound_largecap_gap_pct": 0.16666666666666666,
      "panic_rebound_overheat_pct": 0.3333333333333333,
      "panic_rebound_fx_stress_pct": 0.16666666666666666,
      "final_action": "관망",
      "prediction_layer_rank": 1,
      "action_layer_label": "관망"
    },
    {
      "sector": "화학/정유",
      "panic_rebound_action_label": "방어 관찰",
      "panic_rebound_candidate_rank": 2,
      "panic_rebound_watch_score": 0.6608333333333333,
      "panic_rebound_score_rank": 3.0,
      "panic_rebound_relative_pct": 0.9166666666666666,
      "panic_rebound_largecap_gap_pct": 0.6666666666666666,
      "panic_rebound_overheat_pct": 0.08333333333333333,
      "panic_rebound_fx_stress_pct": 0.9166666666666666,
      "final_action": "회피 우선",
      "prediction_layer_rank": 3,
      "action_layer_label": "회피 우선"
    },
    {
      "sector": "바이오",
      "panic_rebound_action_label": "방어 관찰",
      "panic_rebound_candidate_rank": 3,
      "panic_rebound_watch_score": 0.5891666666666667,
      "panic_rebound_score_rank": 4.0,
      "panic_rebound_relative_pct": 0.5,
      "panic_rebound_largecap_gap_pct": 0.5,
      "panic_rebound_overheat_pct": 0.4166666666666667,
      "panic_rebound_fx_stress_pct": 0.3333333333333333,
      "final_action": "회피 우선",
      "prediction_layer_rank": 4,
      "action_layer_label": "회피 우선"
    }
  ],
  "safe_to_promote_final_action": false,
  "safe_to_use_watch_label": true,
  "verdict": "방어 추적 라벨은 모니터링용으로 사용 가능하지만, 최종 행동 완화는 아직 금지",
  "outputs": {
    "backtest": "reports\\panic_rebound_watch_shadow_backtest.csv",
    "strategy": "reports\\panic_rebound_watch_shadow_strategy_performance.csv",
    "latest": "reports\\panic_rebound_watch_shadow_latest_candidates.csv",
    "report": "reports\\panic_rebound_watch_shadow_report.md"
  }
}